feature,importance
goal_diff,0.37601734013232224
win_rate,0.297872359505276
appearances,0.14914007694521272
confederation_OTHER,0.04974034932100179
confederation_CONCACAF,0.040896266007462136
confederation_CONMEBOL,0.02522562640401473
players_listed,0.02258168161835528
confederation_CAF,0.02005419601116873
confederation_AFC,0.018472104055186348
