model,accuracy,precision,recall,f1,roc_auc
LogisticRegression,0.7272727272727273,0.46153846153846156,0.75,0.5714285714285714,0.8150000000000001
RandomForest,0.8181818181818182,0.625,0.625,0.625,0.915
